parcel_code,khasra_number,revenue_ward,village_name,wkt_geometry,area_sqm,perimeter_m,compactness_ratio,num_vertices,elevation_amsl_m,building_height_m,floors_count,landuse_class,landuse_confidence,segmentation_confidence,nearest_cors_station,cors_residual_m,legacy_khasra_iou,hausdorff_divergence_m,encroachment_detected,road_access_distance_m,nearest_road_type,verification_priority_score,priority_band,field_survey_required
AOI-0341,Khasra No. 129/4B,Ward 14 - Barakhamba Urban,Jaisinghpura (Civil Station),"POLYGON ((77.216 28.625500000000002, 77.21714999999999 28.625500000000002, 77.21714999999999 28.626250000000002, 77.21594999999999 28.6263, 77.216 28.625500000000002))",9865.91,401.92,0.7675,4,216.4,10.5,3,residential,0.88,0.74,SOI-CORS-DL04,0.31,0.42,6.8,1,0.0,secondary_arterial,87.0,critical,1
AOI-0112,Khasra No. 88/2,Ward 12 - Tilak Marg Sub-Division,Babarpur Dehat,"POLYGON ((77.21249999999999 28.6228, 77.2136 28.6228, 77.2136 28.6235, 77.21239999999999 28.6235, 77.21249999999999 28.6228))",8727.73,380.76,0.7565,4,215.8,14.0,4,commercial,0.82,0.71,SOI-CORS-DL01,0.45,0.739,29.34,0,0.0,primary_arterial,30.5,moderate,0
AOI-0205,Khasra No. 204/1A,Ward 14 - Barakhamba Urban,Jaisinghpura (Civil Station),"POLYGON ((77.21749999999999 28.625500000000002, 77.2186 28.625500000000002, 77.2186 28.6263, 77.21749999999999 28.6263, 77.21749999999999 28.625500000000002))",9540.68,392.53,0.7781,4,216.9,7.0,2,mixed,0.86,0.82,SOI-CORS-DL04,0.28,0.895,7.39,0,0.0,primary_arterial,19.2,low,0
AOI-0045,Khasra No. 45/9,Ward 09 - Mandi House Circle,Babar Road Estate,"POLYGON ((77.2195 28.6298, 77.2208 28.6298, 77.2208 28.6307, 77.2195 28.6307, 77.2195 28.6298))",12684.28,453.81,0.774,4,217.2,6.8,2,residential,0.96,0.94,SOI-CORS-DL07,0.12,1.0,0.0,0,55.8,tertiary_corridor,3.0,low,0
AOI-1010,Khasra No. 221/1,Ward 10 - Central Cadastre,Jaisinghpura (Civil Station),"POLYGON ((77.2112 28.6212, 77.2126 28.6212, 77.2126 28.6228, 77.2112 28.6228, 77.2112 28.6212))",24286.09,628.58,0.7724,4,215.5,3.5,1,residential,0.85,0.76,SOI-CORS-DL01,0.02,0.914,9.55,0,0.0,primary_arterial,21.7,low,0
AOI-1011,Khasra No. 222/2,Ward 10 - Central Cadastre,Jaisinghpura (Civil Station),"POLYGON ((77.2128 28.6212, 77.2142 28.6212, 77.2142 28.6228, 77.2128 28.6228, 77.2128 28.6212))",24286.13,628.58,0.7724,4,215.7,3.5,1,commercial,0.87,0.88,NONE,-1.0,0.987,1.48,0,0.0,primary_arterial,17.4,low,0
AOI-1012,Khasra No. 223/3,Ward 10 - Central Cadastre,Jaisinghpura (Civil Station),"POLYGON ((77.2144 28.6212, 77.2158 28.6212, 77.2158 28.6228, 77.2144 28.6228, 77.2144 28.6212))",24286.17,628.58,0.7724,4,215.9,3.5,1,mixed,0.89,0.88,SOI-CORS-DL07,0.02,0.987,1.48,0,9.4,tertiary_corridor,7.2,low,0
AOI-1013,Khasra No. 224/4,Ward 10 - Central Cadastre,Jaisinghpura (Civil Station),"POLYGON ((77.216 28.6212, 77.2174 28.6212, 77.2174 28.6228, 77.216 28.6228, 77.216 28.6212))",24286.21,628.58,0.7724,4,216.1,3.5,1,public_semi_public,0.91,0.76,NONE,-1.0,0.914,9.55,0,0.0,tertiary_corridor,30.7,moderate,0
AOI-1014,Khasra No. 225/1,Ward 11 - Central Cadastre,Jaisinghpura (Civil Station),"POLYGON ((77.2112 28.6231, 77.2126 28.6231, 77.2126 28.6247, 77.2112 28.6247, 77.2112 28.6231))",24285.66,628.58,0.7724,4,215.9,7.0,2,mixed,0.85,0.88,NONE,-1.0,0.987,1.48,0,61.9,primary_arterial,17.7,low,0
AOI-1015,Khasra No. 226/2,Ward 11 - Central Cadastre,Jaisinghpura (Civil Station),"POLYGON ((77.2128 28.6231, 77.2142 28.6231, 77.2142 28.6247, 77.2128 28.6247, 77.2128 28.6231))",24285.7,628.58,0.7724,4,216.1,7.0,2,public_semi_public,0.87,0.88,SOI-CORS-DL07,0.02,0.987,1.48,0,0.0,primary_arterial,7.5,low,0
AOI-1016,Khasra No. 227/3,Ward 11 - Central Cadastre,Jaisinghpura (Civil Station),"POLYGON ((77.2144 28.6231, 77.2158 28.6231, 77.2158 28.6247, 77.2144 28.6247, 77.2144 28.6231))",24285.74,628.58,0.7724,4,216.3,7.0,2,green_belt,0.89,0.76,NONE,-1.0,0.914,9.55,0,0.0,primary_arterial,31.0,moderate,0
AOI-1017,Khasra No. 228/4,Ward 11 - Central Cadastre,Jaisinghpura (Civil Station),"POLYGON ((77.216 28.6231, 77.2174 28.6231, 77.2174 28.6247, 77.216 28.6247, 77.216 28.6231))",24285.78,628.58,0.7724,4,216.5,7.0,2,residential,0.91,0.88,SOI-CORS-UP05,0.03,0.987,1.48,0,0.0,primary_arterial,7.0,low,0
AOI-1018,Khasra No. 229/1,Ward 12 - Central Cadastre,Jaisinghpura (Civil Station),"POLYGON ((77.2112 28.625, 77.2126 28.625, 77.2126 28.6266, 77.2112 28.6266, 77.2112 28.625))",24285.23,628.57,0.7724,4,216.3,10.5,3,green_belt,0.85,0.88,SOI-CORS-DL07,0.02,0.987,1.48,0,133.0,secondary_arterial,7.8,low,0
AOI-1019,Khasra No. 230/2,Ward 12 - Central Cadastre,Jaisinghpura (Civil Station),"POLYGON ((77.2128 28.625, 77.2142 28.625, 77.2142 28.6266, 77.2128 28.6266, 77.2128 28.625))",24285.27,628.57,0.7724,4,216.5,10.5,3,residential,0.87,0.76,NONE,-1.0,0.914,9.55,0,53.0,secondary_arterial,31.3,moderate,0
AOI-1020,Khasra No. 231/3,Ward 12 - Central Cadastre,Jaisinghpura (Civil Station),"POLYGON ((77.2144 28.625, 77.2158 28.625, 77.2158 28.6266, 77.2144 28.6266, 77.2144 28.625))",24285.31,628.57,0.7724,4,216.7,10.5,3,commercial,0.89,0.88,SOI-CORS-UP05,0.03,0.987,1.48,0,0.0,secondary_arterial,7.3,low,0
AOI-1021,Khasra No. 232/4,Ward 12 - Central Cadastre,Jaisinghpura (Civil Station),"POLYGON ((77.216 28.625, 77.2174 28.625, 77.2174 28.6266, 77.216 28.6266, 77.216 28.625))",24285.35,628.57,0.7724,4,216.9,10.5,3,mixed,0.91,0.88,NONE,-1.0,0.987,1.48,0,0.0,primary_arterial,16.8,low,0
AOI-1022,Khasra No. 233/1,Ward 13 - Central Cadastre,Jaisinghpura (Civil Station),"POLYGON ((77.2112 28.6269, 77.2126 28.6269, 77.2126 28.6285, 77.2112 28.6285, 77.2112 28.6269))",24284.8,628.57,0.7724,4,216.7,14.0,4,commercial,0.85,0.76,NONE,-1.0,0.914,9.54,0,88.0,secondary_arterial,31.6,moderate,0
AOI-1023,Khasra No. 234/2,Ward 13 - Central Cadastre,Jaisinghpura (Civil Station),"POLYGON ((77.2128 28.6269, 77.2142 28.6269, 77.2142 28.6285, 77.2128 28.6285, 77.2128 28.6269))",24284.84,628.57,0.7724,4,216.9,14.0,4,mixed,0.87,0.88,SOI-CORS-UP05,0.03,0.987,1.48,0,0.0,secondary_arterial,7.6,low,0
AOI-1024,Khasra No. 235/3,Ward 13 - Central Cadastre,Jaisinghpura (Civil Station),"POLYGON ((77.2144 28.6269, 77.2158 28.6269, 77.2158 28.6285, 77.2144 28.6285, 77.2144 28.6269))",24284.88,628.57,0.7724,4,217.1,14.0,4,public_semi_public,0.89,0.88,NONE,-1.0,0.987,1.48,0,0.0,secondary_arterial,17.1,low,0
AOI-1025,Khasra No. 236/4,Ward 13 - Central Cadastre,Jaisinghpura (Civil Station),"POLYGON ((77.216 28.6269, 77.2174 28.6269, 77.2174 28.6285, 77.216 28.6285, 77.216 28.6269))",24284.92,628.57,0.7724,4,217.3,14.0,4,green_belt,0.91,0.76,SOI-CORS-DL04,0.03,0.914,9.54,0,23.0,cadastral_access,20.8,low,0
